[
  {
    "id": "de-1",
    "language": "DE",
    "title": "Ein Tag im Grünen (Adjektivendungen)",
    "description": {
      "DE": "Eine Geschichte mit Fokus auf Adjektivendungen. Achten Sie auf Genus und Kasus.",
      "EN": "A story focusing on adjective endings. Pay attention to gender and case.",
      "ES": "Una historia centrada en las terminaciones de adjetivos. Presta atención al género y caso.",
      "FR": "Une histoire axée sur les terminaisons des adjectifs. Faites attention au genre et au cas.",
      "ZH": "一个关注形容词词尾的故事。注意性和格。"
    },
    "segments": [
      { "type": "text", "content": "Heute ist ein wunderbarer Tag. Die Sonne scheint und der Himmel ist blau. Peter kauft sich ein schnell" },
      { "type": "gap", "answer": "es", "placeholder": "..", "isEnding": true },
      { "type": "text", "content": " Auto, weil er gerne reist.\n\nEr fährt damit in den grün" },
      { "type": "gap", "answer": "en", "placeholder": "..", "isEnding": true },
      { "type": "text", "content": " Wald. Dort sieht er einen klein" },
      { "type": "gap", "answer": "en", "placeholder": "..", "isEnding": true },
      { "type": "text", "content": " Hasen, der fröhlich über die Wiese hoppelt. Der Hase hat ein weich" },
      { "type": "gap", "answer": "es", "placeholder": "..", "isEnding": true },
      { "type": "text", "content": " Fell.\n\nSpäter trifft Peter eine nett" },
      { "type": "gap", "answer": "e", "placeholder": "..", "isEnding": true },
      { "type": "text", "content": " Frau namens Maria. Sie spazieren zusammen durch den groß" },
      { "type": "gap", "answer": "en", "placeholder": "..", "isEnding": true },
      { "type": "text", "content": " Park und essen ein kalt" },
      { "type": "gap", "answer": "es", "placeholder": "..", "isEnding": true },
      { "type": "text", "content": " Eis.\n\nAm Abend gehen sie in ein klein" },
      { "type": "gap", "answer": "es", "placeholder": "..", "isEnding": true },
      { "type": "text", "content": " Restaurant. Peter bestellt einen frisch" },
      { "type": "gap", "answer": "en", "placeholder": "..", "isEnding": true },
      { "type": "text", "content": " Salat und Maria nimmt eine heiß" },
      { "type": "gap", "answer": "e", "placeholder": "..", "isEnding": true },
      { "type": "text", "content": " Suppe. Es ist ein perfekt" },
      { "type": "gap", "answer": "er", "placeholder": "..", "isEnding": true },
      { "type": "text", "content": " Tag." }
    ]
  },
  {
    "id": "de-2",
    "language": "DE",
    "title": "Brief an Markus (Das/Dass)",
    "description": {
      "DE": "Ein Brief an einen Freund. Entscheiden Sie zwischen Relativpronomen/Artikel 'das' oder Konjunktion 'dass'.",
      "EN": "A letter to a friend. Decide between relative pronoun/article 'das' or conjunction 'dass'.",
      "ES": "Una carta a un amigo. Decide entre el pronombre relativo/artículo 'das' o la conjunción 'dass'.",
      "FR": "Une lettre à un ami. Décidez entre le pronombre relatif/article 'das' ou la conjonction 'dass'.",
      "ZH": "给朋友的一封信。决定使用关系代词/冠词 'das' 还是连词 'dass'。"
    },
    "segments": [
      { "type": "text", "content": "Lieber Markus,\n\nich hoffe, " },
      { "type": "gap", "answer": "dass", "placeholder": "..." },
      { "type": "text", "content": " es dir gut geht. Ich wollte dir erzählen, " },
      { "type": "gap", "answer": "dass", "placeholder": "..." },
      { "type": "text", "content": " ich gestern im Kino war.\n\nDas Mädchen, " },
      { "type": "gap", "answer": "das", "placeholder": "..." },
      { "type": "text", "content": " die Hauptrolle spielte, war fantastisch. Ich glaube, " },
      { "type": "gap", "answer": "dass", "placeholder": "..." },
      { "type": "text", "content": " sie bald berühmt wird.\n\nÜbrigens, erinnerst du dich an das Buch, " },
      { "type": "gap", "answer": "das", "placeholder": "..." },
      { "type": "text", "content": " du mir empfohlen hast? Ich habe es fast fertig. Es ist so spannend, " },
      { "type": "gap", "answer": "dass", "placeholder": "..." },
      { "type": "text", "content": " ich gar nicht aufhören kann zu lesen.\n\nDas Geschenk, " },
      { "type": "gap", "answer": "das", "placeholder": "..." },
      { "type": "text", "content": " du mir gegeben hast, gefällt mir sehr. Ich finde es toll, " },
      { "type": "gap", "answer": "dass", "placeholder": "..." },
      { "type": "text", "content": " du immer an mich denkst. Danke dafür!\n\nBis bald,\nLukas" }
    ]
  },
  {
    "id": "en-1",
    "language": "EN",
    "title": "A Holiday in Scotland (Past Simple)",
    "description": {
      "DE": "Ein Reisebericht über einen Ausflug nach Schottland. Füllen Sie die Vergangenheitsformen ein.",
      "EN": "A travel report about a trip to Scotland. Fill in the past forms.",
      "ES": "Un informe de viaje sobre una excursión a Escocia. Rellena las formas pasadas.",
      "FR": "Un récit de voyage sur une excursion en Écosse. Remplissez les formes passées.",
      "ZH": "关于苏格兰旅行的报告。填写过去式形式。"
    },
    "segments": [
      { "type": "text", "content": "Last summer, my family and I " },
      { "type": "gap", "answer": "went", "placeholder": "go" },
      { "type": "text", "content": " to Scotland. It " },
      { "type": "gap", "answer": "was", "placeholder": "be" },
      { "type": "text", "content": " a long journey, but we " },
      { "type": "gap", "answer": "were", "placeholder": "be" },
      { "type": "text", "content": " very excited.\n\nOn the first day, we " },
      { "type": "gap", "answer": "visited", "placeholder": "visit" },
      { "type": "text", "content": " an old castle. The guide " },
      { "type": "gap", "answer": "told", "placeholder": "tell" },
      { "type": "text", "content": " us spooky stories about ghosts. My little brother " },
      { "type": "gap", "answer": "was", "placeholder": "be" },
      { "type": "text", "content": " scared, but I " },
      { "type": "gap", "answer": "found", "placeholder": "find" },
      { "type": "text", "content": " it funny.\n\nThe next day, it " },
      { "type": "gap", "answer": "rained", "placeholder": "rain" },
      { "type": "text", "content": " heavily. We " },
      { "type": "gap", "answer": "stayed", "placeholder": "stay" },
      { "type": "text", "content": " inside and " },
      { "type": "gap", "answer": "played", "placeholder": "play" },
      { "type": "text", "content": " board games.\n\nLater, the sun " },
      { "type": "gap", "answer": "came", "placeholder": "come" },
      { "type": "text", "content": " out and we " },
      { "type": "gap", "answer": "decided", "placeholder": "decide" },
      { "type": "text", "content": " to go for a walk. We " },
      { "type": "gap", "answer": "saw", "placeholder": "see" },
      { "type": "text", "content": " a beautiful rainbow over the hills. In the evening, we " },
      { "type": "gap", "answer": "ate", "placeholder": "eat" },
      { "type": "text", "content": " haggis, which " },
      { "type": "gap", "answer": "tasted", "placeholder": "taste" },
      { "type": "text", "content": " interesting." }
    ]
  },
  {
    "id": "en-long-past",
    "language": "EN",
    "title": "The Mystery of the Missing Diamond (Long Story)",
    "description": {
      "DE": "Eine detaillierte Detektivgeschichte. Setzen Sie die Verben in der korrekten Vergangenheitsform ein.",
      "EN": "A detailed detective story. Fill in the verbs in the correct past tense.",
      "ES": "Una historia detallada de detectives. Rellena los verbos en el tiempo pasado correcto.",
      "FR": "Une histoire de détective détaillée. Remplissez les verbes au temps passé correct.",
      "ZH": "详细的侦探故事。用正确的过去式填写动词。"
    },
    "segments": [
      { "type": "text", "content": "It " },
      { "type": "gap", "answer": "was", "placeholder": "be" },
      { "type": "text", "content": " a cold evening in November. Detective Miller " },
      { "type": "gap", "answer": "sat", "placeholder": "sit" },
      { "type": "text", "content": " in his office when the phone suddenly " },
      { "type": "gap", "answer": "rang", "placeholder": "ring" },
      { "type": "text", "content": ". He " },
      { "type": "gap", "answer": "picked", "placeholder": "pick" },
      { "type": "text", "content": " it up and " },
      { "type": "gap", "answer": "listened", "placeholder": "listen" },
      { "type": "text", "content": " carefully. A woman's voice " },
      { "type": "gap", "answer": "trembled", "placeholder": "tremble" },
      { "type": "text", "content": " on the other end. She " },
      { "type": "gap", "answer": "said", "placeholder": "say" },
      { "type": "text", "content": " that something terrible had " },
      { "type": "gap", "answer": "happened", "placeholder": "happen" },
      { "type": "text", "content": " at the old city museum.\n\nMiller immediately " },
      { "type": "gap", "answer": "grabbed", "placeholder": "grab" },
      { "type": "text", "content": " his coat, " },
      { "type": "gap", "answer": "ran", "placeholder": "run" },
      { "type": "text", "content": " downstairs and " },
      { "type": "gap", "answer": "rushed", "placeholder": "rush" },
      { "type": "text", "content": " to his car. The streets " },
      { "type": "gap", "answer": "were", "placeholder": "be" },
      { "type": "text", "content": " empty and the rain " },
      { "type": "gap", "answer": "fell", "placeholder": "fall" },
      { "type": "text", "content": " heavily against the windshield.\n\nWhen he finally " },
      { "type": "gap", "answer": "arrived", "placeholder": "arrive" },
      { "type": "text", "content": " at the museum, the police " },
      { "type": "gap", "answer": "were", "placeholder": "be" },
      { "type": "text", "content": " already there. The Police Chief " },
      { "type": "gap", "answer": "explained", "placeholder": "explain" },
      { "type": "text", "content": " the situation: The famous 'Blue Moon' diamond " },
      { "type": "gap", "answer": "disappeared", "placeholder": "disappear" },
      { "type": "text", "content": " just an hour ago.\n\nThe night security guard " },
      { "type": "gap", "answer": "claimed", "placeholder": "claim" },
      { "type": "text", "content": " that he " },
      { "type": "gap", "answer": "saw", "placeholder": "see" },
      { "type": "text", "content": " nothing suspicious. But Miller " },
      { "type": "gap", "answer": "noticed", "placeholder": "notice" },
      { "type": "text", "content": " something strange. The guard " },
      { "type": "gap", "answer": "looked", "placeholder": "look" },
      { "type": "text", "content": " very nervous and he " },
      { "type": "gap", "answer": "held", "placeholder": "hold" },
      { "type": "text", "content": " something tightly in his pocket.\n\nMiller " },
      { "type": "gap", "answer": "walked", "placeholder": "walk" },
      { "type": "text", "content": " slowly around the broken glass case. He " },
      { "type": "gap", "answer": "bent", "placeholder": "bend" },
      { "type": "text", "content": " down and " },
      { "type": "gap", "answer": "found", "placeholder": "find" },
      { "type": "text", "content": " a small button on the floor. It " },
      { "type": "gap", "answer": "matched", "placeholder": "match" },
      { "type": "text", "content": " the guard's uniform perfectly.\n\n\"Why did you do it?\" Miller " },
      { "type": "gap", "answer": "asked", "placeholder": "ask" },
      { "type": "text", "content": " calmly. The guard " },
      { "type": "gap", "answer": "started", "placeholder": "start" },
      { "type": "text", "content": " to cry. He " },
      { "type": "gap", "answer": "confessed", "placeholder": "confess" },
      { "type": "text", "content": " everything. He " },
      { "type": "gap", "answer": "stole", "placeholder": "steal" },
      { "type": "text", "content": " the diamond because he " },
      { "type": "gap", "answer": "needed", "placeholder": "need" },
      { "type": "text", "content": " money for his sick dog. Miller " },
      { "type": "gap", "answer": "arrested", "placeholder": "arrest" },
      { "type": "text", "content": " him, but he " },
      { "type": "gap", "answer": "promised", "placeholder": "promise" },
      { "type": "text", "content": " that the judge would consider his situation." }
    ]
  },
  {
    "id": "fr-1",
    "language": "FR",
    "title": "Une journée à Paris (Être)",
    "description": {
      "DE": "Konjugieren Sie das Verb 'être' (sein) in dieser Geschichte.",
      "EN": "Conjugate the verb 'être' (to be) in this story.",
      "ES": "Conjuga el verbo 'être' (ser/estar) en esta historia.",
      "FR": "Conjuguez le verbe 'être' dans cette histoire.",
      "ZH": "在这个故事中变位动词 'être' (是)。"
    },
    "segments": [
      { "type": "text", "content": "Bonjour! Je m'appelle Claire. Je " },
      { "type": "gap", "answer": "suis", "placeholder": "..." },
      { "type": "text", "content": " étudiante à la Sorbonne. Aujourd'hui, je " },
      { "type": "gap", "answer": "suis", "placeholder": "..." },
      { "type": "text", "content": " très contente parce que mes amis " },
      { "type": "gap", "answer": "sont", "placeholder": "..." },
      { "type": "text", "content": " ici.\n\nNous " },
      { "type": "gap", "answer": "sommes", "placeholder": "..." },
      { "type": "text", "content": " devant la Tour Eiffel. Elle " },
      { "type": "gap", "answer": "est", "placeholder": "..." },
      { "type": "text", "content": " immense! Tu " },
      { "type": "gap", "answer": "es", "placeholder": "..." },
      { "type": "text", "content": " déjà venu ici?\n\nCe soir, nous allons au restaurant. La cuisine française " },
      { "type": "gap", "answer": "est", "placeholder": "..." },
      { "type": "text", "content": " délicieuse. Vous " },
      { "type": "gap", "answer": "êtes", "placeholder": "..." },
      { "type": "text", "content": " les bienvenus! Mon frère Pierre " },
      { "type": "gap", "answer": "est", "placeholder": "..." },
      { "type": "text", "content": " aussi avec nous. Nous " },
      { "type": "gap", "answer": "sommes", "placeholder": "..." },
      { "type": "text", "content": " une grande famille heureuse." }
    ]
  },
  {
    "id": "fr-2",
    "language": "FR",
    "title": "Le week-end dernier (Passé Composé)",
    "description": {
      "DE": "Eine Geschichte über das letzte Wochenende. Füllen Sie die korrekte Form von 'avoir' oder 'être' für die Vergangenheit ein.",
      "EN": "A story about last weekend. Fill in the correct form of 'avoir' or 'être' for the past tense.",
      "ES": "Una historia sobre el fin de semana pasado. Rellena la forma correcta de 'avoir' o 'être' para el pasado.",
      "FR": "Une histoire sur le week-end dernier. Remplissez la forme correcte d''avoir' ou 'être' pour le passé composé.",
      "ZH": "关于上周末的故事。填写过去式的正确形式 'avoir' 或 'être'。"
    },
    "segments": [
      { "type": "text", "content": "Le week-end dernier, j' " },
      { "type": "gap", "answer": "ai", "placeholder": "avoir" },
      { "type": "text", "content": " visité mes grands-parents à la campagne. Nous " },
      { "type": "gap", "answer": "avons", "placeholder": "avoir" },
      { "type": "text", "content": " mangé un grand repas ensemble. Ma grand-mère " },
      { "type": "gap", "answer": "a", "placeholder": "avoir" },
      { "type": "text", "content": " préparé un gâteau au chocolat délicieux.\n\nEnsuite, mon frère et moi " },
      { "type": "gap", "answer": "sommes", "placeholder": "être" },
      { "type": "text", "content": " allés nous promener dans la forêt. Nous " },
      { "type": "gap", "answer": "avons", "placeholder": "avoir" },
      { "type": "text", "content": " vu beaucoup d'oiseaux. Soudain, il " },
      { "type": "gap", "answer": "a", "placeholder": "avoir" },
      { "type": "text", "content": " commencé à pleuvoir. Nous " },
      { "type": "gap", "answer": "sommes", "placeholder": "être" },
      { "type": "text", "content": " rentrés très vite à la maison. Malgré la pluie, nous " },
      { "type": "gap", "answer": "avons", "placeholder": "avoir" },
      { "type": "text", "content": " passé une journée merveilleuse." }
    ]
  },
  {
    "id": "fr-3",
    "language": "FR",
    "title": "Un voyage mémorable (Imparfait vs Passé Composé)",
    "description": {
      "DE": "Ein Mix aus Vergangenheitsformen. Entscheiden Sie zwischen andauernden Situationen (Imparfait) und spezifischen Ereignissen (Passé Composé).",
      "EN": "A mix of past tenses. Decide between ongoing situations (Imparfait) and specific events (Passé Composé).",
      "ES": "Una mezcla de tiempos pasados. Decide entre situaciones continuas (Imparfait) y eventos específicos (Passé Composé).",
      "FR": "Un mélange de temps passés. Décidez entre situations continues (Imparfait) et événements spécifiques (Passé Composé).",
      "ZH": "过去式的混合。决定使用持续情况 (Imparfait) 还是特定事件 (Passé Composé)。"
    },
    "segments": [
      { "type": "text", "content": "L'année dernière, quand j' " },
      { "type": "gap", "answer": "étais", "placeholder": "être (imp)" },
      { "type": "text", "content": " en vacances, il " },
      { "type": "gap", "answer": "faisait", "placeholder": "faire (imp)" },
      { "type": "text", "content": " très beau tous les jours. Un matin, pendant que je " },
      { "type": "gap", "answer": "dormais", "placeholder": "dormir (imp)" },
      { "type": "text", "content": ", le téléphone " },
      { "type": "gap", "answer": "a sonné", "placeholder": "sonner (pc)" },
      { "type": "text", "content": ".\n\nC' " },
      { "type": "gap", "answer": "était", "placeholder": "être (imp)" },
      { "type": "text", "content": " mon ami Paul. Il m' " },
      { "type": "gap", "answer": "a invité", "placeholder": "inviter (pc)" },
      { "type": "text", "content": " à la plage. Nous " },
      { "type": "gap", "answer": "avons nagé", "placeholder": "nager (pc)" },
      { "type": "text", "content": " pendant deux heures. L'eau " },
      { "type": "gap", "answer": "était", "placeholder": "être (imp)" },
      { "type": "text", "content": " chaude et le soleil " },
      { "type": "gap", "answer": "brillait", "placeholder": "briller (imp)" },
      { "type": "text", "content": ". C'était parfait." }
    ]
  },
  {
    "id": "es-1",
    "language": "ES",
    "title": "Carta desde Barcelona (Ser vs Estar)",
    "description": {
      "DE": "Wählen Sie in diesem Brief zwischen Ser und Estar.",
      "EN": "Choose between Ser and Estar in this letter.",
      "ES": "Elige entre Ser y Estar en esta carta.",
      "FR": "Choisissez entre Ser et Estar dans cette lettre.",
      "ZH": "在这封信中选择 Ser 和 Estar。"
    },
    "segments": [
      { "type": "text", "content": "¡Hola Mamá!\n\n¿Cómo " },
      { "type": "gap", "answer": "estás", "placeholder": "..." },
      { "type": "text", "content": "? Yo " },
      { "type": "gap", "answer": "estoy", "placeholder": "..." },
      { "type": "text", "content": " muy bien aquí en Barcelona. La ciudad " },
      { "type": "gap", "answer": "es", "placeholder": "..." },
      { "type": "text", "content": " increíble.\n\nHoy " },
      { "type": "gap", "answer": "es", "placeholder": "..." },
      { "type": "text", "content": " lunes y el cielo " },
      { "type": "gap", "answer": "está", "placeholder": "..." },
      { "type": "text", "content": " azul. Nosotros " },
      { "type": "gap", "answer": "estamos", "placeholder": "..." },
      { "type": "text", "content": " en la playa ahora mismo. El agua " },
      { "type": "gap", "answer": "está", "placeholder": "..." },
      { "type": "text", "content": " un poco fría, pero " },
      { "type": "gap", "answer": "es", "placeholder": "..." },
      { "type": "text", "content": " refrescante.\n\nMi amigo Pedro " },
      { "type": "gap", "answer": "es", "placeholder": "..." },
      { "type": "text", "content": " muy divertido. Él " },
      { "type": "gap", "answer": "es", "placeholder": "..." },
      { "type": "text", "content": " de México, pero ahora " },
      { "type": "gap", "answer": "está", "placeholder": "..." },
      { "type": "text", "content": " estudiando aquí. Nosotros " },
      { "type": "gap", "answer": "somos", "placeholder": "..." },
      { "type": "text", "content": " buenos amigos.\n\nUn abrazo,\nJuan" }
    ]
  },
  {
    "id": "es-2",
    "language": "ES",
    "title": "Ayer en la ciudad (Pretérito Indefinido)",
    "description": {
      "DE": "Beschreiben Sie, was gestern passiert ist, unter Verwendung der einfachen Vergangenheit (Indefinido).",
      "EN": "Describe what happened yesterday using the simple past (Indefinido).",
      "ES": "Describe lo que pasó ayer usando el pretérito indefinido.",
      "FR": "Décrivez ce qui s'est passé hier en utilisant le passé simple (Indefinido).",
      "ZH": "使用简单过去时 (Indefinido) 描述昨天发生的事情。"
    },
    "segments": [
      { "type": "text", "content": "Ayer fue un día muy ocupado. Me " },
      { "type": "gap", "answer": "levanté", "placeholder": "levantarse" },
      { "type": "text", "content": " temprano y " },
      { "type": "gap", "answer": "fui", "placeholder": "ir" },
      { "type": "text", "content": " al mercado. Allí " },
      { "type": "gap", "answer": "compré", "placeholder": "comprar" },
      { "type": "text", "content": " frutas y verduras frescas.\n\nMás tarde, " },
      { "type": "gap", "answer": "encontré", "placeholder": "encontrar" },
      { "type": "text", "content": " a mi amiga Lucía en la calle. Nosotros " },
      { "type": "gap", "answer": "hablamos", "placeholder": "hablar" },
      { "type": "text", "content": " durante una hora sobre nuestras vacaciones. Ella me " },
      { "type": "gap", "answer": "dijo", "placeholder": "decir" },
      { "type": "text", "content": " que viajó a Italia.\n\nPor la noche, yo " },
      { "type": "gap", "answer": "preparé", "placeholder": "preparar" },
      { "type": "text", "content": " la cena y " },
      { "type": "gap", "answer": "miré", "placeholder": "mirar" },
      { "type": "text", "content": " una película interesante. Al final, " },
      { "type": "gap", "answer": "dormí", "placeholder": "dormir" },
      { "type": "text", "content": " muy bien." }
    ]
  },
  {
    "id": "es-3",
    "language": "ES",
    "title": "Cuando era niño (Pretérito Imperfecto)",
    "description": {
      "DE": "Beschreiben Sie Gewohnheiten und Situationen in der Vergangenheit (Imperfecto).",
      "EN": "Describe habits and situations in the past (Imperfecto).",
      "ES": "Describe hábitos y situaciones en el pasado (Imperfecto).",
      "FR": "Décrivez des habitudes et des situations dans le passé (Imperfecto).",
      "ZH": "描述过去的习惯和情况 (Imperfecto)。"
    },
    "segments": [
      { "type": "text", "content": "Cuando yo " },
      { "type": "gap", "answer": "era", "placeholder": "ser" },
      { "type": "text", "content": " niño, vivía en un pueblo pequeño. Mi casa " },
      { "type": "gap", "answer": "tenía", "placeholder": "tener" },
      { "type": "text", "content": " un jardín grande donde yo " },
      { "type": "gap", "answer": "jugaba", "placeholder": "jugar" },
      { "type": "text", "content": " todos los días con mi perro.\n\nCada verano, nosotros " },
      { "type": "gap", "answer": "íbamos", "placeholder": "ir" },
      { "type": "text", "content": " a la playa. El mar " },
      { "type": "gap", "answer": "estaba", "placeholder": "estar" },
      { "type": "text", "content": " siempre tranquilo y el sol " },
      { "type": "gap", "answer": "brillaba", "placeholder": "brillar" },
      { "type": "text", "content": " fuerte. A mí me " },
      { "type": "gap", "answer": "gustaba", "placeholder": "gustar" },
      { "type": "text", "content": " construir castillos de arena.\n\nMi abuela nos " },
      { "type": "gap", "answer": "preparaba", "placeholder": "preparar" },
      { "type": "text", "content": " helado casero. Esos días " },
      { "type": "gap", "answer": "eran", "placeholder": "ser" },
      { "type": "text", "content": " los mejores de mi infancia." }
    ]
  }
]
